source,label,href,classification,http_status,target,fragment
https://three-stars.webflow.io/,info@threestarscp.com,mailto:info@threestarscp.com,email,,,
https://three-stars.webflow.io/,+39 02 3670 5320,tel:+390236705320,phone,,,
https://three-stars.webflow.io/,Home,/,internal-ok,200,https://three-stars.webflow.io/,
https://three-stars.webflow.io/,Our Story,/about#our-story,internal-ok,200,https://three-stars.webflow.io/about,our-story
https://three-stars.webflow.io/,Our Approach,/about#our-approach,internal-ok,200,https://three-stars.webflow.io/about,our-approach
https://three-stars.webflow.io/,Leadership Team,/about#leadership-team,internal-ok,200,https://three-stars.webflow.io/about,leadership-team
https://three-stars.webflow.io/,Real Estate Debt Arranging,/services-overview#real-estate-debt-arranging,internal-ok,200,https://three-stars.webflow.io/services-overview,real-estate-debt-arranging
https://three-stars.webflow.io/,Equity Raising & Liquidity Sourcing,/services-overview#equity-raising-liquidity-sourcing,internal-ok,200,https://three-stars.webflow.io/services-overview,equity-raising-liquidity-sourcing
https://three-stars.webflow.io/,Debt Restructuring & Workout,/services-overview#debt-restructuring-workout,internal-ok,200,https://three-stars.webflow.io/services-overview,debt-restructuring-workout
https://three-stars.webflow.io/,Structured Debt Advisory,/services-overview#structured-debt-advisory,internal-ok,200,https://three-stars.webflow.io/services-overview,structured-debt-advisory
https://three-stars.webflow.io/,Mezzanine Debt Arranging,/services-overview#mezzanine-debt-arranging,internal-ok,200,https://three-stars.webflow.io/services-overview,mezzanine-debt-arranging
https://three-stars.webflow.io/,Real Estate Agency,/services-overview#real-estate-agency,internal-ok,200,https://three-stars.webflow.io/services-overview,real-estate-agency
https://three-stars.webflow.io/,Credentials,/credentials,internal-ok,200,https://three-stars.webflow.io/credentials,
https://three-stars.webflow.io/,Coverage and commentary,/press-overview#coverage-and-commentary,internal-ok,200,https://three-stars.webflow.io/press-overview,coverage-and-commentary
https://three-stars.webflow.io/,REACT NEWS Apollo provides €105m financing for luxury hotel's Rome debut JUNE 2022,/press-overview#coverage-and-commentary,internal-ok,200,https://three-stars.webflow.io/press-overview,coverage-and-commentary
https://three-stars.webflow.io/,PEI — REAL ESTATE CAPITAL Inside the €330m refinancing of an Italian icon JANUARY 2022,/press-overview#coverage-and-commentary,internal-ok,200,https://three-stars.webflow.io/press-overview,coverage-and-commentary
https://three-stars.webflow.io/,Contact,/contact,internal-ok,200,https://three-stars.webflow.io/contact,
https://three-stars.webflow.io/,Contact Us,/contact,internal-ok,200,https://three-stars.webflow.io/contact,
https://three-stars.webflow.io/,Our Credentials,/credentials,internal-ok,200,https://three-stars.webflow.io/credentials,
https://three-stars.webflow.io/,Read the firm's story,/about,internal-ok,200,https://three-stars.webflow.io/about,
https://three-stars.webflow.io/,All Services,/services-overview,internal-ok,200,https://three-stars.webflow.io/services-overview,
https://three-stars.webflow.io/,"01 Real Estate Debt Arranging Senior debt structuring for refinancing and acquisitions, working with banks and debt funds across markets.",/services-overview#real-estate-debt-arranging,internal-ok,200,https://three-stars.webflow.io/services-overview,real-estate-debt-arranging
https://three-stars.webflow.io/,"02 Equity Raising & Liquidity Sourcing capital from property funds, family offices, mezzanine funds and investment banks.",/services-overview#equity-raising-liquidity-sourcing,internal-ok,200,https://three-stars.webflow.io/services-overview,equity-raising-liquidity-sourcing
https://three-stars.webflow.io/,"03 Debt Restructuring Reconciling sponsor objectives with lender requirements on large, complex multi-bank transactions.",/services-overview#debt-restructuring-workout,internal-ok,200,https://three-stars.webflow.io/services-overview,debt-restructuring-workout
https://three-stars.webflow.io/,"04 Structured Debt Advisory CMBS and ABS support — assessing risk position, marketability, and placement of notes.",/services-overview#structured-debt-advisory,internal-ok,200,https://three-stars.webflow.io/services-overview,structured-debt-advisory
https://three-stars.webflow.io/,05 Mezzanine Debt Arranging Access to a broad network of mezzanine investors for new and existing transactions.,/services-overview#mezzanine-debt-arranging,internal-ok,200,https://three-stars.webflow.io/services-overview,mezzanine-debt-arranging
https://three-stars.webflow.io/,06 Real Estate Agency Portfolio and asset disposal advisory for medium to large transactions.,/services-overview#real-estate-agency,internal-ok,200,https://three-stars.webflow.io/services-overview,real-estate-agency
https://three-stars.webflow.io/,See Credentials,/credentials,internal-ok,200,https://three-stars.webflow.io/credentials,
https://three-stars.webflow.io/,Europe,#,action,,,
https://three-stars.webflow.io/,USA,#,action,,,
https://three-stars.webflow.io/,All Press,/press-overview,internal-ok,200,https://three-stars.webflow.io/press-overview,
https://three-stars.webflow.io/,Apollo provides €105m financing for luxury hotel's Rome debut,https://static.wixstatic.com/ugd/c782c9_41dc9370ca8c4557a9e09d73f8b8ff76.pdf,external,200,https://static.wixstatic.com/ugd/c782c9_41dc9370ca8c4557a9e09d73f8b8ff76.pdf,
https://three-stars.webflow.io/,Inside the €330m refinancing of an Italian icon,https://static.wixstatic.com/ugd/c782c9_1bc4a233b0cc4fd0b7f2ac2e388ec8a7.pdf,external,200,https://static.wixstatic.com/ugd/c782c9_1bc4a233b0cc4fd0b7f2ac2e388ec8a7.pdf,
https://three-stars.webflow.io/,The return of Italy's debt play,https://static.wixstatic.com/ugd/c782c9_9db82d8f79184fd7ac80ab5795d39bd6.pdf,external,200,https://static.wixstatic.com/ugd/c782c9_9db82d8f79184fd7ac80ab5795d39bd6.pdf,
https://three-stars.webflow.io/,Apollo provides €105m financing for luxury hotel's Rome debut,https://static.wixstatic.com/ugd/c782c9_41dc9370ca8c4557a9e09d73f8b8ff76.pdf,external,200,https://static.wixstatic.com/ugd/c782c9_41dc9370ca8c4557a9e09d73f8b8ff76.pdf,
https://three-stars.webflow.io/,Contact Us,/contact,internal-ok,200,https://three-stars.webflow.io/contact,
https://three-stars.webflow.io/,Home,/,internal-ok,200,https://three-stars.webflow.io/,
https://three-stars.webflow.io/,About,/about,internal-ok,200,https://three-stars.webflow.io/about,
https://three-stars.webflow.io/,Our Approach,/about#our-approach,internal-ok,200,https://three-stars.webflow.io/about,our-approach
https://three-stars.webflow.io/,Code of Ethics,https://cdn.prod.website-files.com/6a97103d40ea05346a443224/6a9b1f6c24661449181079e1_Codice%20Etico%20TSCP.pdf,external,200,https://cdn.prod.website-files.com/6a97103d40ea05346a443224/6a9b1f6c24661449181079e1_Codice%20Etico%20TSCP.pdf,
https://three-stars.webflow.io/,Services,/services-overview,internal-ok,200,https://three-stars.webflow.io/services-overview,
https://three-stars.webflow.io/,Track Record,/credentials,internal-ok,200,https://three-stars.webflow.io/credentials,
https://three-stars.webflow.io/,Sectors,/credentials#sectors,internal-ok,200,https://three-stars.webflow.io/credentials,sectors
https://three-stars.webflow.io/,Milan Office,/contact#milan-office,internal-ok,200,https://three-stars.webflow.io/contact,milan-office
https://three-stars.webflow.io/,New York Office,/contact#new-york-office,internal-ok,200,https://three-stars.webflow.io/contact,new-york-office
https://three-stars.webflow.io/,Press Enquiries,/contact#contact-form,internal-ok,200,https://three-stars.webflow.io/contact,contact-form
https://three-stars.webflow.io/,Privacy Policy,/privacy-policy,internal-ok,200,https://three-stars.webflow.io/privacy-policy,
https://three-stars.webflow.io/,Cookie Policy,/cookie-policy,internal-ok,200,https://three-stars.webflow.io/cookie-policy,
https://three-stars.webflow.io/,Terms of Use,/terms,internal-ok,200,https://three-stars.webflow.io/terms,
https://three-stars.webflow.io/,Disclaimer Notice,/disclaimer,internal-ok,200,https://three-stars.webflow.io/disclaimer,
https://three-stars.webflow.io/,LinkedIn,https://www.linkedin.com/company/three-stars-capital-partners/,external,200,https://www.linkedin.com/company/three-stars-capital-partners/,
https://three-stars.webflow.io/,Site: Brand Vision,https://www.brandvm.com/,external,200,https://www.brandvm.com/,
https://three-stars.webflow.io/404,info@threestarscp.com,mailto:info@threestarscp.com,email,,,
https://three-stars.webflow.io/404,+39 02 3670 5320,tel:+390236705320,phone,,,
https://three-stars.webflow.io/404,Home,/,internal-ok,200,https://three-stars.webflow.io/,
https://three-stars.webflow.io/404,Our Story,/about#our-story,internal-ok,200,https://three-stars.webflow.io/about,our-story
https://three-stars.webflow.io/404,Our Approach,/about#our-approach,internal-ok,200,https://three-stars.webflow.io/about,our-approach
https://three-stars.webflow.io/404,Leadership Team,/about#leadership-team,internal-ok,200,https://three-stars.webflow.io/about,leadership-team
https://three-stars.webflow.io/404,Real Estate Debt Arranging,/services-overview#real-estate-debt-arranging,internal-ok,200,https://three-stars.webflow.io/services-overview,real-estate-debt-arranging
https://three-stars.webflow.io/404,Equity Raising & Liquidity Sourcing,/services-overview#equity-raising-liquidity-sourcing,internal-ok,200,https://three-stars.webflow.io/services-overview,equity-raising-liquidity-sourcing
https://three-stars.webflow.io/404,Debt Restructuring & Workout,/services-overview#debt-restructuring-workout,internal-ok,200,https://three-stars.webflow.io/services-overview,debt-restructuring-workout
https://three-stars.webflow.io/404,Structured Debt Advisory,/services-overview#structured-debt-advisory,internal-ok,200,https://three-stars.webflow.io/services-overview,structured-debt-advisory
https://three-stars.webflow.io/404,Mezzanine Debt Arranging,/services-overview#mezzanine-debt-arranging,internal-ok,200,https://three-stars.webflow.io/services-overview,mezzanine-debt-arranging
https://three-stars.webflow.io/404,Real Estate Agency,/services-overview#real-estate-agency,internal-ok,200,https://three-stars.webflow.io/services-overview,real-estate-agency
https://three-stars.webflow.io/404,Credentials,/credentials,internal-ok,200,https://three-stars.webflow.io/credentials,
https://three-stars.webflow.io/404,Coverage and commentary,/press-overview#coverage-and-commentary,internal-ok,200,https://three-stars.webflow.io/press-overview,coverage-and-commentary
https://three-stars.webflow.io/404,REACT NEWS Apollo provides €105m financing for luxury hotel's Rome debut JUNE 2022,/press-overview#coverage-and-commentary,internal-ok,200,https://three-stars.webflow.io/press-overview,coverage-and-commentary
https://three-stars.webflow.io/404,PEI — REAL ESTATE CAPITAL Inside the €330m refinancing of an Italian icon JANUARY 2022,/press-overview#coverage-and-commentary,internal-ok,200,https://three-stars.webflow.io/press-overview,coverage-and-commentary
https://three-stars.webflow.io/404,Contact,/contact,internal-ok,200,https://three-stars.webflow.io/contact,
https://three-stars.webflow.io/404,Back to Home,/,internal-ok,200,https://three-stars.webflow.io/,
https://three-stars.webflow.io/404,Contact Us,/contact,internal-ok,200,https://three-stars.webflow.io/contact,
https://three-stars.webflow.io/404,Home,/,internal-ok,200,https://three-stars.webflow.io/,
https://three-stars.webflow.io/404,About,/about,internal-ok,200,https://three-stars.webflow.io/about,
https://three-stars.webflow.io/404,Our Approach,/about#our-approach,internal-ok,200,https://three-stars.webflow.io/about,our-approach
https://three-stars.webflow.io/404,Code of Ethics,https://cdn.prod.website-files.com/6a97103d40ea05346a443224/6a9b1f6c24661449181079e1_Codice%20Etico%20TSCP.pdf,external,200,https://cdn.prod.website-files.com/6a97103d40ea05346a443224/6a9b1f6c24661449181079e1_Codice%20Etico%20TSCP.pdf,
https://three-stars.webflow.io/404,Services,/services-overview,internal-ok,200,https://three-stars.webflow.io/services-overview,
https://three-stars.webflow.io/404,Track Record,/credentials,internal-ok,200,https://three-stars.webflow.io/credentials,
https://three-stars.webflow.io/404,Sectors,/credentials#sectors,internal-ok,200,https://three-stars.webflow.io/credentials,sectors
https://three-stars.webflow.io/404,Milan Office,/contact#milan-office,internal-ok,200,https://three-stars.webflow.io/contact,milan-office
https://three-stars.webflow.io/404,New York Office,/contact#new-york-office,internal-ok,200,https://three-stars.webflow.io/contact,new-york-office
https://three-stars.webflow.io/404,Press Enquiries,/contact#contact-form,internal-ok,200,https://three-stars.webflow.io/contact,contact-form
https://three-stars.webflow.io/404,Privacy Policy,/privacy-policy,internal-ok,200,https://three-stars.webflow.io/privacy-policy,
https://three-stars.webflow.io/404,Cookie Policy,/cookie-policy,internal-ok,200,https://three-stars.webflow.io/cookie-policy,
https://three-stars.webflow.io/404,Terms of Use,/terms,internal-ok,200,https://three-stars.webflow.io/terms,
https://three-stars.webflow.io/404,Disclaimer Notice,/disclaimer,internal-ok,200,https://three-stars.webflow.io/disclaimer,
https://three-stars.webflow.io/404,LinkedIn,https://www.linkedin.com/company/three-stars-capital-partners/,external,200,https://www.linkedin.com/company/three-stars-capital-partners/,
https://three-stars.webflow.io/404,Site: Brand Vision,https://www.brandvm.com/,external,200,https://www.brandvm.com/,
https://three-stars.webflow.io/about,info@threestarscp.com,mailto:info@threestarscp.com,email,,,
https://three-stars.webflow.io/about,+39 02 3670 5320,tel:+390236705320,phone,,,
https://three-stars.webflow.io/about,Home,/,internal-ok,200,https://three-stars.webflow.io/,
https://three-stars.webflow.io/about,Our Story,/about#our-story,internal-ok,200,https://three-stars.webflow.io/about,our-story
https://three-stars.webflow.io/about,Our Approach,/about#our-approach,internal-ok,200,https://three-stars.webflow.io/about,our-approach
https://three-stars.webflow.io/about,Leadership Team,/about#leadership-team,internal-ok,200,https://three-stars.webflow.io/about,leadership-team
https://three-stars.webflow.io/about,Real Estate Debt Arranging,/services-overview#real-estate-debt-arranging,internal-ok,200,https://three-stars.webflow.io/services-overview,real-estate-debt-arranging
https://three-stars.webflow.io/about,Equity Raising & Liquidity Sourcing,/services-overview#equity-raising-liquidity-sourcing,internal-ok,200,https://three-stars.webflow.io/services-overview,equity-raising-liquidity-sourcing
https://three-stars.webflow.io/about,Debt Restructuring & Workout,/services-overview#debt-restructuring-workout,internal-ok,200,https://three-stars.webflow.io/services-overview,debt-restructuring-workout
https://three-stars.webflow.io/about,Structured Debt Advisory,/services-overview#structured-debt-advisory,internal-ok,200,https://three-stars.webflow.io/services-overview,structured-debt-advisory
https://three-stars.webflow.io/about,Mezzanine Debt Arranging,/services-overview#mezzanine-debt-arranging,internal-ok,200,https://three-stars.webflow.io/services-overview,mezzanine-debt-arranging
https://three-stars.webflow.io/about,Real Estate Agency,/services-overview#real-estate-agency,internal-ok,200,https://three-stars.webflow.io/services-overview,real-estate-agency
https://three-stars.webflow.io/about,Credentials,/credentials,internal-ok,200,https://three-stars.webflow.io/credentials,
https://three-stars.webflow.io/about,Coverage and commentary,/press-overview#coverage-and-commentary,internal-ok,200,https://three-stars.webflow.io/press-overview,coverage-and-commentary
https://three-stars.webflow.io/about,REACT NEWS Apollo provides €105m financing for luxury hotel's Rome debut JUNE 2022,/press-overview#coverage-and-commentary,internal-ok,200,https://three-stars.webflow.io/press-overview,coverage-and-commentary
https://three-stars.webflow.io/about,PEI — REAL ESTATE CAPITAL Inside the €330m refinancing of an Italian icon JANUARY 2022,/press-overview#coverage-and-commentary,internal-ok,200,https://three-stars.webflow.io/press-overview,coverage-and-commentary
https://three-stars.webflow.io/about,Contact,/contact,internal-ok,200,https://three-stars.webflow.io/contact,
https://three-stars.webflow.io/about,Meet the Team,/about#leadership-team,internal-ok,200,https://three-stars.webflow.io/about,leadership-team
https://three-stars.webflow.io/about,Our Credentials,/credentials,internal-ok,200,https://three-stars.webflow.io/credentials,
https://three-stars.webflow.io/about,Download Code of Ethics,https://cdn.prod.website-files.com/6a97103d40ea05346a443224/6a9b1f6c24661449181079e1_Codice%20Etico%20TSCP.pdf,external,200,https://cdn.prod.website-files.com/6a97103d40ea05346a443224/6a9b1f6c24661449181079e1_Codice%20Etico%20TSCP.pdf,
https://three-stars.webflow.io/about,Open Bio Mauro Savoia,#,action,,,
https://three-stars.webflow.io/about,Three Stars Capital Partners,https://www.threestarscp.com/,external,200,https://www.threestarscp.com/,
https://three-stars.webflow.io/about,info@threestarscp.com,mailto:info@threestarscp.com,email,,,
https://three-stars.webflow.io/about,Phone +39.02.3670.5320,tel:+39.02.3670.5320,phone,,,
https://three-stars.webflow.io/about,Fax +39.02.3670.5310,tel:+39.02.3670.5310,phone,,,
https://three-stars.webflow.io/about,Milan Office: Via San Pietro all'Orto N.17 - 20121 Milan (Italy),/contact#milan-office,internal-ok,200,https://three-stars.webflow.io/contact,milan-office
https://three-stars.webflow.io/about,New York Office: 6 St Johns Lane - New York (NY) 10013,/contact#new-york-office,internal-ok,200,https://three-stars.webflow.io/contact,new-york-office
https://three-stars.webflow.io/about,Open Bio Cinzia D'Amato,#,action,,,
https://three-stars.webflow.io/about,Three Stars Capital Partners,https://www.threestarscp.com/,external,200,https://www.threestarscp.com/,
https://three-stars.webflow.io/about,info@threestarscp.com,mailto:info@threestarscp.com,email,,,
https://three-stars.webflow.io/about,Phone +39.02.3670.5320,tel:+39.02.3670.5320,phone,,,
https://three-stars.webflow.io/about,Fax +39.02.3670.5310,tel:+39.02.3670.5310,phone,,,
https://three-stars.webflow.io/about,Milan Office: Via San Pietro all'Orto N.17 - 20121 Milan (Italy),/contact#milan-office,internal-ok,200,https://three-stars.webflow.io/contact,milan-office
https://three-stars.webflow.io/about,New York Office: 6 St Johns Lane - New York (NY) 10013,/contact#new-york-office,internal-ok,200,https://three-stars.webflow.io/contact,new-york-office
https://three-stars.webflow.io/about,Open Bio Sabrina Battista,#,action,,,
https://three-stars.webflow.io/about,Three Stars Capital Partners,https://www.threestarscp.com/,external,200,https://www.threestarscp.com/,
https://three-stars.webflow.io/about,info@threestarscp.com,mailto:info@threestarscp.com,email,,,
https://three-stars.webflow.io/about,Phone +39.02.3670.5320,tel:+39.02.3670.5320,phone,,,
https://three-stars.webflow.io/about,Fax +39.02.3670.5310,tel:+39.02.3670.5310,phone,,,
https://three-stars.webflow.io/about,Milan Office: Via San Pietro all'Orto N.17 - 20121 Milan (Italy),/contact#milan-office,internal-ok,200,https://three-stars.webflow.io/contact,milan-office
https://three-stars.webflow.io/about,New York Office: 6 St Johns Lane - New York (NY) 10013,/contact#new-york-office,internal-ok,200,https://three-stars.webflow.io/contact,new-york-office
https://three-stars.webflow.io/about,See Credentials,/credentials,internal-ok,200,https://three-stars.webflow.io/credentials,
https://three-stars.webflow.io/about,Europe,#,action,,,
https://three-stars.webflow.io/about,USA,#,action,,,
https://three-stars.webflow.io/about,Contact Us,/contact,internal-ok,200,https://three-stars.webflow.io/contact,
https://three-stars.webflow.io/about,Home,/,internal-ok,200,https://three-stars.webflow.io/,
https://three-stars.webflow.io/about,About,/about,internal-ok,200,https://three-stars.webflow.io/about,
https://three-stars.webflow.io/about,Our Approach,/about#our-approach,internal-ok,200,https://three-stars.webflow.io/about,our-approach
https://three-stars.webflow.io/about,Code of Ethics,https://cdn.prod.website-files.com/6a97103d40ea05346a443224/6a9b1f6c24661449181079e1_Codice%20Etico%20TSCP.pdf,external,200,https://cdn.prod.website-files.com/6a97103d40ea05346a443224/6a9b1f6c24661449181079e1_Codice%20Etico%20TSCP.pdf,
https://three-stars.webflow.io/about,Services,/services-overview,internal-ok,200,https://three-stars.webflow.io/services-overview,
https://three-stars.webflow.io/about,Track Record,/credentials,internal-ok,200,https://three-stars.webflow.io/credentials,
https://three-stars.webflow.io/about,Sectors,/credentials#sectors,internal-ok,200,https://three-stars.webflow.io/credentials,sectors
https://three-stars.webflow.io/about,Milan Office,/contact#milan-office,internal-ok,200,https://three-stars.webflow.io/contact,milan-office
https://three-stars.webflow.io/about,New York Office,/contact#new-york-office,internal-ok,200,https://three-stars.webflow.io/contact,new-york-office
https://three-stars.webflow.io/about,Press Enquiries,/contact#contact-form,internal-ok,200,https://three-stars.webflow.io/contact,contact-form
https://three-stars.webflow.io/about,Privacy Policy,/privacy-policy,internal-ok,200,https://three-stars.webflow.io/privacy-policy,
https://three-stars.webflow.io/about,Cookie Policy,/cookie-policy,internal-ok,200,https://three-stars.webflow.io/cookie-policy,
https://three-stars.webflow.io/about,Terms of Use,/terms,internal-ok,200,https://three-stars.webflow.io/terms,
https://three-stars.webflow.io/about,Disclaimer Notice,/disclaimer,internal-ok,200,https://three-stars.webflow.io/disclaimer,
https://three-stars.webflow.io/about,LinkedIn,https://www.linkedin.com/company/three-stars-capital-partners/,external,200,https://www.linkedin.com/company/three-stars-capital-partners/,
https://three-stars.webflow.io/about,Site: Brand Vision,https://www.brandvm.com/,external,200,https://www.brandvm.com/,
https://three-stars.webflow.io/contact,info@threestarscp.com,mailto:info@threestarscp.com,email,,,
https://three-stars.webflow.io/contact,+39 02 3670 5320,tel:+390236705320,phone,,,
https://three-stars.webflow.io/contact,Home,/,internal-ok,200,https://three-stars.webflow.io/,
https://three-stars.webflow.io/contact,Our Story,/about#our-story,internal-ok,200,https://three-stars.webflow.io/about,our-story
https://three-stars.webflow.io/contact,Our Approach,/about#our-approach,internal-ok,200,https://three-stars.webflow.io/about,our-approach
https://three-stars.webflow.io/contact,Leadership Team,/about#leadership-team,internal-ok,200,https://three-stars.webflow.io/about,leadership-team
https://three-stars.webflow.io/contact,Real Estate Debt Arranging,/services-overview#real-estate-debt-arranging,internal-ok,200,https://three-stars.webflow.io/services-overview,real-estate-debt-arranging
https://three-stars.webflow.io/contact,Equity Raising & Liquidity Sourcing,/services-overview#equity-raising-liquidity-sourcing,internal-ok,200,https://three-stars.webflow.io/services-overview,equity-raising-liquidity-sourcing
https://three-stars.webflow.io/contact,Debt Restructuring & Workout,/services-overview#debt-restructuring-workout,internal-ok,200,https://three-stars.webflow.io/services-overview,debt-restructuring-workout
https://three-stars.webflow.io/contact,Structured Debt Advisory,/services-overview#structured-debt-advisory,internal-ok,200,https://three-stars.webflow.io/services-overview,structured-debt-advisory
https://three-stars.webflow.io/contact,Mezzanine Debt Arranging,/services-overview#mezzanine-debt-arranging,internal-ok,200,https://three-stars.webflow.io/services-overview,mezzanine-debt-arranging
https://three-stars.webflow.io/contact,Real Estate Agency,/services-overview#real-estate-agency,internal-ok,200,https://three-stars.webflow.io/services-overview,real-estate-agency
https://three-stars.webflow.io/contact,Credentials,/credentials,internal-ok,200,https://three-stars.webflow.io/credentials,
https://three-stars.webflow.io/contact,Coverage and commentary,/press-overview#coverage-and-commentary,internal-ok,200,https://three-stars.webflow.io/press-overview,coverage-and-commentary
https://three-stars.webflow.io/contact,REACT NEWS Apollo provides €105m financing for luxury hotel's Rome debut JUNE 2022,/press-overview#coverage-and-commentary,internal-ok,200,https://three-stars.webflow.io/press-overview,coverage-and-commentary
https://three-stars.webflow.io/contact,PEI — REAL ESTATE CAPITAL Inside the €330m refinancing of an Italian icon JANUARY 2022,/press-overview#coverage-and-commentary,internal-ok,200,https://three-stars.webflow.io/press-overview,coverage-and-commentary
https://three-stars.webflow.io/contact,Contact,/contact,internal-ok,200,https://three-stars.webflow.io/contact,
https://three-stars.webflow.io/contact,Send a Message,#contact-form,internal-ok,200,https://three-stars.webflow.io/contact,contact-form
https://three-stars.webflow.io/contact,Email Us,mailto:info@threestarscp.com,email,,,
https://three-stars.webflow.io/contact,info@threestarscp.com,mailto:info@threestarscp.com,email,,,
https://three-stars.webflow.io/contact,+39 02 3670 5320,tel:+390236705320,phone,,,
https://three-stars.webflow.io/contact,LinkedIn — company page ↗,https://www.linkedin.com/company/three-stars-capital-partners/,external,200,https://www.linkedin.com/company/three-stars-capital-partners/,
https://three-stars.webflow.io/contact,Mauro Savoia on LinkedIn ↗,https://it.linkedin.com/in/maurosavoia,external,999,https://it.linkedin.com/in/maurosavoia,
https://three-stars.webflow.io/contact,Contact Us,/contact,internal-ok,200,https://three-stars.webflow.io/contact,
https://three-stars.webflow.io/contact,Home,/,internal-ok,200,https://three-stars.webflow.io/,
https://three-stars.webflow.io/contact,About,/about,internal-ok,200,https://three-stars.webflow.io/about,
https://three-stars.webflow.io/contact,Our Approach,/about#our-approach,internal-ok,200,https://three-stars.webflow.io/about,our-approach
https://three-stars.webflow.io/contact,Code of Ethics,https://cdn.prod.website-files.com/6a97103d40ea05346a443224/6a9b1f6c24661449181079e1_Codice%20Etico%20TSCP.pdf,external,200,https://cdn.prod.website-files.com/6a97103d40ea05346a443224/6a9b1f6c24661449181079e1_Codice%20Etico%20TSCP.pdf,
https://three-stars.webflow.io/contact,Services,/services-overview,internal-ok,200,https://three-stars.webflow.io/services-overview,
https://three-stars.webflow.io/contact,Track Record,/credentials,internal-ok,200,https://three-stars.webflow.io/credentials,
https://three-stars.webflow.io/contact,Sectors,/credentials#sectors,internal-ok,200,https://three-stars.webflow.io/credentials,sectors
https://three-stars.webflow.io/contact,Milan Office,/contact#milan-office,internal-ok,200,https://three-stars.webflow.io/contact,milan-office
https://three-stars.webflow.io/contact,New York Office,/contact#new-york-office,internal-ok,200,https://three-stars.webflow.io/contact,new-york-office
https://three-stars.webflow.io/contact,Press Enquiries,/contact#contact-form,internal-ok,200,https://three-stars.webflow.io/contact,contact-form
https://three-stars.webflow.io/contact,Privacy Policy,/privacy-policy,internal-ok,200,https://three-stars.webflow.io/privacy-policy,
https://three-stars.webflow.io/contact,Cookie Policy,/cookie-policy,internal-ok,200,https://three-stars.webflow.io/cookie-policy,
https://three-stars.webflow.io/contact,Terms of Use,/terms,internal-ok,200,https://three-stars.webflow.io/terms,
https://three-stars.webflow.io/contact,Disclaimer Notice,/disclaimer,internal-ok,200,https://three-stars.webflow.io/disclaimer,
https://three-stars.webflow.io/contact,LinkedIn,https://www.linkedin.com/company/three-stars-capital-partners/,external,200,https://www.linkedin.com/company/three-stars-capital-partners/,
https://three-stars.webflow.io/contact,Site: Brand Vision,https://www.brandvm.com/,external,200,https://www.brandvm.com/,
https://three-stars.webflow.io/cookie-policy,info@threestarscp.com,mailto:info@threestarscp.com,email,,,
https://three-stars.webflow.io/cookie-policy,+39 02 3670 5320,tel:+390236705320,phone,,,
https://three-stars.webflow.io/cookie-policy,Home,/,internal-ok,200,https://three-stars.webflow.io/,
https://three-stars.webflow.io/cookie-policy,Our Story,/about#our-story,internal-ok,200,https://three-stars.webflow.io/about,our-story
https://three-stars.webflow.io/cookie-policy,Our Approach,/about#our-approach,internal-ok,200,https://three-stars.webflow.io/about,our-approach
https://three-stars.webflow.io/cookie-policy,Leadership Team,/about#leadership-team,internal-ok,200,https://three-stars.webflow.io/about,leadership-team
https://three-stars.webflow.io/cookie-policy,Real Estate Debt Arranging,/services-overview#real-estate-debt-arranging,internal-ok,200,https://three-stars.webflow.io/services-overview,real-estate-debt-arranging
https://three-stars.webflow.io/cookie-policy,Equity Raising & Liquidity Sourcing,/services-overview#equity-raising-liquidity-sourcing,internal-ok,200,https://three-stars.webflow.io/services-overview,equity-raising-liquidity-sourcing
https://three-stars.webflow.io/cookie-policy,Debt Restructuring & Workout,/services-overview#debt-restructuring-workout,internal-ok,200,https://three-stars.webflow.io/services-overview,debt-restructuring-workout
https://three-stars.webflow.io/cookie-policy,Structured Debt Advisory,/services-overview#structured-debt-advisory,internal-ok,200,https://three-stars.webflow.io/services-overview,structured-debt-advisory
https://three-stars.webflow.io/cookie-policy,Mezzanine Debt Arranging,/services-overview#mezzanine-debt-arranging,internal-ok,200,https://three-stars.webflow.io/services-overview,mezzanine-debt-arranging
https://three-stars.webflow.io/cookie-policy,Real Estate Agency,/services-overview#real-estate-agency,internal-ok,200,https://three-stars.webflow.io/services-overview,real-estate-agency
https://three-stars.webflow.io/cookie-policy,Credentials,/credentials,internal-ok,200,https://three-stars.webflow.io/credentials,
https://three-stars.webflow.io/cookie-policy,Coverage and commentary,/press-overview#coverage-and-commentary,internal-ok,200,https://three-stars.webflow.io/press-overview,coverage-and-commentary
https://three-stars.webflow.io/cookie-policy,REACT NEWS Apollo provides €105m financing for luxury hotel's Rome debut JUNE 2022,/press-overview#coverage-and-commentary,internal-ok,200,https://three-stars.webflow.io/press-overview,coverage-and-commentary
https://three-stars.webflow.io/cookie-policy,PEI — REAL ESTATE CAPITAL Inside the €330m refinancing of an Italian icon JANUARY 2022,/press-overview#coverage-and-commentary,internal-ok,200,https://three-stars.webflow.io/press-overview,coverage-and-commentary
https://three-stars.webflow.io/cookie-policy,Contact,/contact,internal-ok,200,https://three-stars.webflow.io/contact,
https://three-stars.webflow.io/cookie-policy,Privacy Policy,/privacy-policy,internal-ok,200,https://three-stars.webflow.io/privacy-policy,
https://three-stars.webflow.io/cookie-policy,info@threestarscp.com,mailto:info@threestarscp.com,email,,,
https://three-stars.webflow.io/cookie-policy,Contact Us,/contact,internal-ok,200,https://three-stars.webflow.io/contact,
https://three-stars.webflow.io/cookie-policy,Home,/,internal-ok,200,https://three-stars.webflow.io/,
https://three-stars.webflow.io/cookie-policy,About,/about,internal-ok,200,https://three-stars.webflow.io/about,
https://three-stars.webflow.io/cookie-policy,Our Approach,/about#our-approach,internal-ok,200,https://three-stars.webflow.io/about,our-approach
https://three-stars.webflow.io/cookie-policy,Code of Ethics,https://cdn.prod.website-files.com/6a97103d40ea05346a443224/6a9b1f6c24661449181079e1_Codice%20Etico%20TSCP.pdf,external,200,https://cdn.prod.website-files.com/6a97103d40ea05346a443224/6a9b1f6c24661449181079e1_Codice%20Etico%20TSCP.pdf,
https://three-stars.webflow.io/cookie-policy,Services,/services-overview,internal-ok,200,https://three-stars.webflow.io/services-overview,
https://three-stars.webflow.io/cookie-policy,Track Record,/credentials,internal-ok,200,https://three-stars.webflow.io/credentials,
https://three-stars.webflow.io/cookie-policy,Sectors,/credentials#sectors,internal-ok,200,https://three-stars.webflow.io/credentials,sectors
https://three-stars.webflow.io/cookie-policy,Milan Office,/contact#milan-office,internal-ok,200,https://three-stars.webflow.io/contact,milan-office
https://three-stars.webflow.io/cookie-policy,New York Office,/contact#new-york-office,internal-ok,200,https://three-stars.webflow.io/contact,new-york-office
https://three-stars.webflow.io/cookie-policy,Press Enquiries,/contact#contact-form,internal-ok,200,https://three-stars.webflow.io/contact,contact-form
https://three-stars.webflow.io/cookie-policy,Privacy Policy,/privacy-policy,internal-ok,200,https://three-stars.webflow.io/privacy-policy,
https://three-stars.webflow.io/cookie-policy,Cookie Policy,/cookie-policy,internal-ok,200,https://three-stars.webflow.io/cookie-policy,
https://three-stars.webflow.io/cookie-policy,Terms of Use,/terms,internal-ok,200,https://three-stars.webflow.io/terms,
https://three-stars.webflow.io/cookie-policy,Disclaimer Notice,/disclaimer,internal-ok,200,https://three-stars.webflow.io/disclaimer,
https://three-stars.webflow.io/cookie-policy,LinkedIn,https://www.linkedin.com/company/three-stars-capital-partners/,external,200,https://www.linkedin.com/company/three-stars-capital-partners/,
https://three-stars.webflow.io/cookie-policy,Site: Brand Vision,https://www.brandvm.com/,external,200,https://www.brandvm.com/,
https://three-stars.webflow.io/credentials,info@threestarscp.com,mailto:info@threestarscp.com,email,,,
https://three-stars.webflow.io/credentials,+39 02 3670 5320,tel:+390236705320,phone,,,
https://three-stars.webflow.io/credentials,Home,/,internal-ok,200,https://three-stars.webflow.io/,
https://three-stars.webflow.io/credentials,Our Story,/about#our-story,internal-ok,200,https://three-stars.webflow.io/about,our-story
https://three-stars.webflow.io/credentials,Our Approach,/about#our-approach,internal-ok,200,https://three-stars.webflow.io/about,our-approach
https://three-stars.webflow.io/credentials,Leadership Team,/about#leadership-team,internal-ok,200,https://three-stars.webflow.io/about,leadership-team
https://three-stars.webflow.io/credentials,Real Estate Debt Arranging,/services-overview#real-estate-debt-arranging,internal-ok,200,https://three-stars.webflow.io/services-overview,real-estate-debt-arranging
https://three-stars.webflow.io/credentials,Equity Raising & Liquidity Sourcing,/services-overview#equity-raising-liquidity-sourcing,internal-ok,200,https://three-stars.webflow.io/services-overview,equity-raising-liquidity-sourcing
https://three-stars.webflow.io/credentials,Debt Restructuring & Workout,/services-overview#debt-restructuring-workout,internal-ok,200,https://three-stars.webflow.io/services-overview,debt-restructuring-workout
https://three-stars.webflow.io/credentials,Structured Debt Advisory,/services-overview#structured-debt-advisory,internal-ok,200,https://three-stars.webflow.io/services-overview,structured-debt-advisory
https://three-stars.webflow.io/credentials,Mezzanine Debt Arranging,/services-overview#mezzanine-debt-arranging,internal-ok,200,https://three-stars.webflow.io/services-overview,mezzanine-debt-arranging
https://three-stars.webflow.io/credentials,Real Estate Agency,/services-overview#real-estate-agency,internal-ok,200,https://three-stars.webflow.io/services-overview,real-estate-agency
https://three-stars.webflow.io/credentials,Credentials,/credentials,internal-ok,200,https://three-stars.webflow.io/credentials,
https://three-stars.webflow.io/credentials,Coverage and commentary,/press-overview#coverage-and-commentary,internal-ok,200,https://three-stars.webflow.io/press-overview,coverage-and-commentary
https://three-stars.webflow.io/credentials,REACT NEWS Apollo provides €105m financing for luxury hotel's Rome debut JUNE 2022,/press-overview#coverage-and-commentary,internal-ok,200,https://three-stars.webflow.io/press-overview,coverage-and-commentary
https://three-stars.webflow.io/credentials,PEI — REAL ESTATE CAPITAL Inside the €330m refinancing of an Italian icon JANUARY 2022,/press-overview#coverage-and-commentary,internal-ok,200,https://three-stars.webflow.io/press-overview,coverage-and-commentary
https://three-stars.webflow.io/credentials,Contact,/contact,internal-ok,200,https://three-stars.webflow.io/contact,
https://three-stars.webflow.io/credentials,See all credentials,#credentials,internal-ok,200,https://three-stars.webflow.io/credentials,credentials
https://three-stars.webflow.io/credentials,United States,#,action,,,
https://three-stars.webflow.io/credentials,United Kingdom,#,action,,,
https://three-stars.webflow.io/credentials,France,#,action,,,
https://three-stars.webflow.io/credentials,Germany,#,action,,,
https://three-stars.webflow.io/credentials,Italy,#,action,,,
https://three-stars.webflow.io/credentials,Spain,#,action,,,
https://three-stars.webflow.io/credentials,View featured projects,#credentials,internal-ok,200,https://three-stars.webflow.io/credentials,credentials
https://three-stars.webflow.io/credentials,Contact Us,/contact,internal-ok,200,https://three-stars.webflow.io/contact,
https://three-stars.webflow.io/credentials,Home,/,internal-ok,200,https://three-stars.webflow.io/,
https://three-stars.webflow.io/credentials,About,/about,internal-ok,200,https://three-stars.webflow.io/about,
https://three-stars.webflow.io/credentials,Our Approach,/about#our-approach,internal-ok,200,https://three-stars.webflow.io/about,our-approach
https://three-stars.webflow.io/credentials,Code of Ethics,https://cdn.prod.website-files.com/6a97103d40ea05346a443224/6a9b1f6c24661449181079e1_Codice%20Etico%20TSCP.pdf,external,200,https://cdn.prod.website-files.com/6a97103d40ea05346a443224/6a9b1f6c24661449181079e1_Codice%20Etico%20TSCP.pdf,
https://three-stars.webflow.io/credentials,Services,/services-overview,internal-ok,200,https://three-stars.webflow.io/services-overview,
https://three-stars.webflow.io/credentials,Track Record,/credentials,internal-ok,200,https://three-stars.webflow.io/credentials,
https://three-stars.webflow.io/credentials,Sectors,/credentials#sectors,internal-ok,200,https://three-stars.webflow.io/credentials,sectors
https://three-stars.webflow.io/credentials,Milan Office,/contact#milan-office,internal-ok,200,https://three-stars.webflow.io/contact,milan-office
https://three-stars.webflow.io/credentials,New York Office,/contact#new-york-office,internal-ok,200,https://three-stars.webflow.io/contact,new-york-office
https://three-stars.webflow.io/credentials,Press Enquiries,/contact#contact-form,internal-ok,200,https://three-stars.webflow.io/contact,contact-form
https://three-stars.webflow.io/credentials,Privacy Policy,/privacy-policy,internal-ok,200,https://three-stars.webflow.io/privacy-policy,
https://three-stars.webflow.io/credentials,Cookie Policy,/cookie-policy,internal-ok,200,https://three-stars.webflow.io/cookie-policy,
https://three-stars.webflow.io/credentials,Terms of Use,/terms,internal-ok,200,https://three-stars.webflow.io/terms,
https://three-stars.webflow.io/credentials,Disclaimer Notice,/disclaimer,internal-ok,200,https://three-stars.webflow.io/disclaimer,
https://three-stars.webflow.io/credentials,LinkedIn,https://www.linkedin.com/company/three-stars-capital-partners/,external,200,https://www.linkedin.com/company/three-stars-capital-partners/,
https://three-stars.webflow.io/credentials,Site: Brand Vision,https://www.brandvm.com/,external,200,https://www.brandvm.com/,
https://three-stars.webflow.io/design/style-guide,info@threestarscp.com,mailto:info@threestarscp.com,email,,,
https://three-stars.webflow.io/design/style-guide,+39 02 3670 5320,tel:+390236705320,phone,,,
https://three-stars.webflow.io/design/style-guide,Home,/,internal-ok,200,https://three-stars.webflow.io/,
https://three-stars.webflow.io/design/style-guide,Our Story,/about#our-story,internal-ok,200,https://three-stars.webflow.io/about,our-story
https://three-stars.webflow.io/design/style-guide,Our Approach,/about#our-approach,internal-ok,200,https://three-stars.webflow.io/about,our-approach
https://three-stars.webflow.io/design/style-guide,Leadership Team,/about#leadership-team,internal-ok,200,https://three-stars.webflow.io/about,leadership-team
https://three-stars.webflow.io/design/style-guide,Real Estate Debt Arranging,/services-overview#real-estate-debt-arranging,internal-ok,200,https://three-stars.webflow.io/services-overview,real-estate-debt-arranging
https://three-stars.webflow.io/design/style-guide,Equity Raising & Liquidity Sourcing,/services-overview#equity-raising-liquidity-sourcing,internal-ok,200,https://three-stars.webflow.io/services-overview,equity-raising-liquidity-sourcing
https://three-stars.webflow.io/design/style-guide,Debt Restructuring & Workout,/services-overview#debt-restructuring-workout,internal-ok,200,https://three-stars.webflow.io/services-overview,debt-restructuring-workout
https://three-stars.webflow.io/design/style-guide,Structured Debt Advisory,/services-overview#structured-debt-advisory,internal-ok,200,https://three-stars.webflow.io/services-overview,structured-debt-advisory
https://three-stars.webflow.io/design/style-guide,Mezzanine Debt Arranging,/services-overview#mezzanine-debt-arranging,internal-ok,200,https://three-stars.webflow.io/services-overview,mezzanine-debt-arranging
https://three-stars.webflow.io/design/style-guide,Real Estate Agency,/services-overview#real-estate-agency,internal-ok,200,https://three-stars.webflow.io/services-overview,real-estate-agency
https://three-stars.webflow.io/design/style-guide,Credentials,/credentials,internal-ok,200,https://three-stars.webflow.io/credentials,
https://three-stars.webflow.io/design/style-guide,Coverage and commentary,/press-overview#coverage-and-commentary,internal-ok,200,https://three-stars.webflow.io/press-overview,coverage-and-commentary
https://three-stars.webflow.io/design/style-guide,REACT NEWS Apollo provides €105m financing for luxury hotel's Rome debut JUNE 2022,/press-overview#coverage-and-commentary,internal-ok,200,https://three-stars.webflow.io/press-overview,coverage-and-commentary
https://three-stars.webflow.io/design/style-guide,PEI — REAL ESTATE CAPITAL Inside the €330m refinancing of an Italian icon JANUARY 2022,/press-overview#coverage-and-commentary,internal-ok,200,https://three-stars.webflow.io/press-overview,coverage-and-commentary
https://three-stars.webflow.io/design/style-guide,Contact,/contact,internal-ok,200,https://three-stars.webflow.io/contact,
https://three-stars.webflow.io/design/style-guide,Primary,/contact,internal-ok,200,https://three-stars.webflow.io/contact,
https://three-stars.webflow.io/design/style-guide,Secondary,/contact,internal-ok,200,https://three-stars.webflow.io/contact,
https://three-stars.webflow.io/design/style-guide,Ghost,/contact,internal-ok,200,https://three-stars.webflow.io/contact,
https://three-stars.webflow.io/design/style-guide,Large,/contact,internal-ok,200,https://three-stars.webflow.io/contact,
https://three-stars.webflow.io/design/style-guide,Icon left,/contact,internal-ok,200,https://three-stars.webflow.io/contact,
https://three-stars.webflow.io/design/style-guide,Icon right,/contact,internal-ok,200,https://three-stars.webflow.io/contact,
https://three-stars.webflow.io/design/style-guide,About,/about,internal-ok,200,https://three-stars.webflow.io/about,
https://three-stars.webflow.io/design/style-guide,Credentials,/credentials,internal-ok,200,https://three-stars.webflow.io/credentials,
https://three-stars.webflow.io/design/style-guide,Press,/press-overview,internal-ok,200,https://three-stars.webflow.io/press-overview,
https://three-stars.webflow.io/design/style-guide,Contact,/contact,internal-ok,200,https://three-stars.webflow.io/contact,
https://three-stars.webflow.io/design/style-guide,"link-underline, hover me",/contact,internal-ok,200,https://three-stars.webflow.io/contact,
https://three-stars.webflow.io/design/style-guide,"inline-link-underline, wraps across lines",/contact,internal-ok,200,https://three-stars.webflow.io/contact,
https://three-stars.webflow.io/design/style-guide,"Text Link, hover for the colour shift",/contact,internal-ok,200,https://three-stars.webflow.io/contact,
https://three-stars.webflow.io/design/style-guide,Contact Us,/contact,internal-ok,200,https://three-stars.webflow.io/contact,
https://three-stars.webflow.io/design/style-guide,Home,/,internal-ok,200,https://three-stars.webflow.io/,
https://three-stars.webflow.io/design/style-guide,About,/about,internal-ok,200,https://three-stars.webflow.io/about,
https://three-stars.webflow.io/design/style-guide,Our Approach,/about#our-approach,internal-ok,200,https://three-stars.webflow.io/about,our-approach
https://three-stars.webflow.io/design/style-guide,Code of Ethics,https://cdn.prod.website-files.com/6a97103d40ea05346a443224/6a9b1f6c24661449181079e1_Codice%20Etico%20TSCP.pdf,external,200,https://cdn.prod.website-files.com/6a97103d40ea05346a443224/6a9b1f6c24661449181079e1_Codice%20Etico%20TSCP.pdf,
https://three-stars.webflow.io/design/style-guide,Services,/services-overview,internal-ok,200,https://three-stars.webflow.io/services-overview,
https://three-stars.webflow.io/design/style-guide,Track Record,/credentials,internal-ok,200,https://three-stars.webflow.io/credentials,
https://three-stars.webflow.io/design/style-guide,Sectors,/credentials#sectors,internal-ok,200,https://three-stars.webflow.io/credentials,sectors
https://three-stars.webflow.io/design/style-guide,Milan Office,/contact#milan-office,internal-ok,200,https://three-stars.webflow.io/contact,milan-office
https://three-stars.webflow.io/design/style-guide,New York Office,/contact#new-york-office,internal-ok,200,https://three-stars.webflow.io/contact,new-york-office
https://three-stars.webflow.io/design/style-guide,Press Enquiries,/contact#contact-form,internal-ok,200,https://three-stars.webflow.io/contact,contact-form
https://three-stars.webflow.io/design/style-guide,Privacy Policy,/privacy-policy,internal-ok,200,https://three-stars.webflow.io/privacy-policy,
https://three-stars.webflow.io/design/style-guide,Cookie Policy,/cookie-policy,internal-ok,200,https://three-stars.webflow.io/cookie-policy,
https://three-stars.webflow.io/design/style-guide,Terms of Use,/terms,internal-ok,200,https://three-stars.webflow.io/terms,
https://three-stars.webflow.io/design/style-guide,Disclaimer Notice,/disclaimer,internal-ok,200,https://three-stars.webflow.io/disclaimer,
https://three-stars.webflow.io/design/style-guide,LinkedIn,https://www.linkedin.com/company/three-stars-capital-partners/,external,200,https://www.linkedin.com/company/three-stars-capital-partners/,
https://three-stars.webflow.io/design/style-guide,Site: Brand Vision,https://www.brandvm.com/,external,200,https://www.brandvm.com/,
https://three-stars.webflow.io/disclaimer,info@threestarscp.com,mailto:info@threestarscp.com,email,,,
https://three-stars.webflow.io/disclaimer,+39 02 3670 5320,tel:+390236705320,phone,,,
https://three-stars.webflow.io/disclaimer,Home,/,internal-ok,200,https://three-stars.webflow.io/,
https://three-stars.webflow.io/disclaimer,Our Story,/about#our-story,internal-ok,200,https://three-stars.webflow.io/about,our-story
https://three-stars.webflow.io/disclaimer,Our Approach,/about#our-approach,internal-ok,200,https://three-stars.webflow.io/about,our-approach
https://three-stars.webflow.io/disclaimer,Leadership Team,/about#leadership-team,internal-ok,200,https://three-stars.webflow.io/about,leadership-team
https://three-stars.webflow.io/disclaimer,Real Estate Debt Arranging,/services-overview#real-estate-debt-arranging,internal-ok,200,https://three-stars.webflow.io/services-overview,real-estate-debt-arranging
https://three-stars.webflow.io/disclaimer,Equity Raising & Liquidity Sourcing,/services-overview#equity-raising-liquidity-sourcing,internal-ok,200,https://three-stars.webflow.io/services-overview,equity-raising-liquidity-sourcing
https://three-stars.webflow.io/disclaimer,Debt Restructuring & Workout,/services-overview#debt-restructuring-workout,internal-ok,200,https://three-stars.webflow.io/services-overview,debt-restructuring-workout
https://three-stars.webflow.io/disclaimer,Structured Debt Advisory,/services-overview#structured-debt-advisory,internal-ok,200,https://three-stars.webflow.io/services-overview,structured-debt-advisory
https://three-stars.webflow.io/disclaimer,Mezzanine Debt Arranging,/services-overview#mezzanine-debt-arranging,internal-ok,200,https://three-stars.webflow.io/services-overview,mezzanine-debt-arranging
https://three-stars.webflow.io/disclaimer,Real Estate Agency,/services-overview#real-estate-agency,internal-ok,200,https://three-stars.webflow.io/services-overview,real-estate-agency
https://three-stars.webflow.io/disclaimer,Credentials,/credentials,internal-ok,200,https://three-stars.webflow.io/credentials,
https://three-stars.webflow.io/disclaimer,Coverage and commentary,/press-overview#coverage-and-commentary,internal-ok,200,https://three-stars.webflow.io/press-overview,coverage-and-commentary
https://three-stars.webflow.io/disclaimer,REACT NEWS Apollo provides €105m financing for luxury hotel's Rome debut JUNE 2022,/press-overview#coverage-and-commentary,internal-ok,200,https://three-stars.webflow.io/press-overview,coverage-and-commentary
https://three-stars.webflow.io/disclaimer,PEI — REAL ESTATE CAPITAL Inside the €330m refinancing of an Italian icon JANUARY 2022,/press-overview#coverage-and-commentary,internal-ok,200,https://three-stars.webflow.io/press-overview,coverage-and-commentary
https://three-stars.webflow.io/disclaimer,Contact,/contact,internal-ok,200,https://three-stars.webflow.io/contact,
https://three-stars.webflow.io/disclaimer,info@threestarscp.com,mailto:info@threestarscp.com,email,,,
https://three-stars.webflow.io/disclaimer,Terms of Use,/terms,internal-ok,200,https://three-stars.webflow.io/terms,
https://three-stars.webflow.io/disclaimer,Privacy Policy,/privacy-policy,internal-ok,200,https://three-stars.webflow.io/privacy-policy,
https://three-stars.webflow.io/disclaimer,Contact Us,/contact,internal-ok,200,https://three-stars.webflow.io/contact,
https://three-stars.webflow.io/disclaimer,Home,/,internal-ok,200,https://three-stars.webflow.io/,
https://three-stars.webflow.io/disclaimer,About,/about,internal-ok,200,https://three-stars.webflow.io/about,
https://three-stars.webflow.io/disclaimer,Our Approach,/about#our-approach,internal-ok,200,https://three-stars.webflow.io/about,our-approach
https://three-stars.webflow.io/disclaimer,Code of Ethics,https://cdn.prod.website-files.com/6a97103d40ea05346a443224/6a9b1f6c24661449181079e1_Codice%20Etico%20TSCP.pdf,external,200,https://cdn.prod.website-files.com/6a97103d40ea05346a443224/6a9b1f6c24661449181079e1_Codice%20Etico%20TSCP.pdf,
https://three-stars.webflow.io/disclaimer,Services,/services-overview,internal-ok,200,https://three-stars.webflow.io/services-overview,
https://three-stars.webflow.io/disclaimer,Track Record,/credentials,internal-ok,200,https://three-stars.webflow.io/credentials,
https://three-stars.webflow.io/disclaimer,Sectors,/credentials#sectors,internal-ok,200,https://three-stars.webflow.io/credentials,sectors
https://three-stars.webflow.io/disclaimer,Milan Office,/contact#milan-office,internal-ok,200,https://three-stars.webflow.io/contact,milan-office
https://three-stars.webflow.io/disclaimer,New York Office,/contact#new-york-office,internal-ok,200,https://three-stars.webflow.io/contact,new-york-office
https://three-stars.webflow.io/disclaimer,Press Enquiries,/contact#contact-form,internal-ok,200,https://three-stars.webflow.io/contact,contact-form
https://three-stars.webflow.io/disclaimer,Privacy Policy,/privacy-policy,internal-ok,200,https://three-stars.webflow.io/privacy-policy,
https://three-stars.webflow.io/disclaimer,Cookie Policy,/cookie-policy,internal-ok,200,https://three-stars.webflow.io/cookie-policy,
https://three-stars.webflow.io/disclaimer,Terms of Use,/terms,internal-ok,200,https://three-stars.webflow.io/terms,
https://three-stars.webflow.io/disclaimer,Disclaimer Notice,/disclaimer,internal-ok,200,https://three-stars.webflow.io/disclaimer,
https://three-stars.webflow.io/disclaimer,LinkedIn,https://www.linkedin.com/company/three-stars-capital-partners/,external,200,https://www.linkedin.com/company/three-stars-capital-partners/,
https://three-stars.webflow.io/disclaimer,Site: Brand Vision,https://www.brandvm.com/,external,200,https://www.brandvm.com/,
https://three-stars.webflow.io/press-overview,info@threestarscp.com,mailto:info@threestarscp.com,email,,,
https://three-stars.webflow.io/press-overview,+39 02 3670 5320,tel:+390236705320,phone,,,
https://three-stars.webflow.io/press-overview,Home,/,internal-ok,200,https://three-stars.webflow.io/,
https://three-stars.webflow.io/press-overview,Our Story,/about#our-story,internal-ok,200,https://three-stars.webflow.io/about,our-story
https://three-stars.webflow.io/press-overview,Our Approach,/about#our-approach,internal-ok,200,https://three-stars.webflow.io/about,our-approach
https://three-stars.webflow.io/press-overview,Leadership Team,/about#leadership-team,internal-ok,200,https://three-stars.webflow.io/about,leadership-team
https://three-stars.webflow.io/press-overview,Real Estate Debt Arranging,/services-overview#real-estate-debt-arranging,internal-ok,200,https://three-stars.webflow.io/services-overview,real-estate-debt-arranging
https://three-stars.webflow.io/press-overview,Equity Raising & Liquidity Sourcing,/services-overview#equity-raising-liquidity-sourcing,internal-ok,200,https://three-stars.webflow.io/services-overview,equity-raising-liquidity-sourcing
https://three-stars.webflow.io/press-overview,Debt Restructuring & Workout,/services-overview#debt-restructuring-workout,internal-ok,200,https://three-stars.webflow.io/services-overview,debt-restructuring-workout
https://three-stars.webflow.io/press-overview,Structured Debt Advisory,/services-overview#structured-debt-advisory,internal-ok,200,https://three-stars.webflow.io/services-overview,structured-debt-advisory
https://three-stars.webflow.io/press-overview,Mezzanine Debt Arranging,/services-overview#mezzanine-debt-arranging,internal-ok,200,https://three-stars.webflow.io/services-overview,mezzanine-debt-arranging
https://three-stars.webflow.io/press-overview,Real Estate Agency,/services-overview#real-estate-agency,internal-ok,200,https://three-stars.webflow.io/services-overview,real-estate-agency
https://three-stars.webflow.io/press-overview,Credentials,/credentials,internal-ok,200,https://three-stars.webflow.io/credentials,
https://three-stars.webflow.io/press-overview,Coverage and commentary,/press-overview#coverage-and-commentary,internal-ok,200,https://three-stars.webflow.io/press-overview,coverage-and-commentary
https://three-stars.webflow.io/press-overview,REACT NEWS Apollo provides €105m financing for luxury hotel's Rome debut JUNE 2022,/press-overview#coverage-and-commentary,internal-ok,200,https://three-stars.webflow.io/press-overview,coverage-and-commentary
https://three-stars.webflow.io/press-overview,PEI — REAL ESTATE CAPITAL Inside the €330m refinancing of an Italian icon JANUARY 2022,/press-overview#coverage-and-commentary,internal-ok,200,https://three-stars.webflow.io/press-overview,coverage-and-commentary
https://three-stars.webflow.io/press-overview,Contact,/contact,internal-ok,200,https://three-stars.webflow.io/contact,
https://three-stars.webflow.io/press-overview,Contact Us,/contact,internal-ok,200,https://three-stars.webflow.io/contact,
https://three-stars.webflow.io/press-overview,Track Record,/credentials,internal-ok,200,https://three-stars.webflow.io/credentials,
https://three-stars.webflow.io/press-overview,Apollo provides €105m financing for luxury hotel's Rome debut,https://static.wixstatic.com/ugd/c782c9_41dc9370ca8c4557a9e09d73f8b8ff76.pdf,external,200,https://static.wixstatic.com/ugd/c782c9_41dc9370ca8c4557a9e09d73f8b8ff76.pdf,
https://three-stars.webflow.io/press-overview,Inside the €330m refinancing of an Italian icon,https://static.wixstatic.com/ugd/c782c9_1bc4a233b0cc4fd0b7f2ac2e388ec8a7.pdf,external,200,https://static.wixstatic.com/ugd/c782c9_1bc4a233b0cc4fd0b7f2ac2e388ec8a7.pdf,
https://three-stars.webflow.io/press-overview,The return of Italy's debt play,https://static.wixstatic.com/ugd/c782c9_9db82d8f79184fd7ac80ab5795d39bd6.pdf,external,200,https://static.wixstatic.com/ugd/c782c9_9db82d8f79184fd7ac80ab5795d39bd6.pdf,
https://three-stars.webflow.io/press-overview,Apollo provides €105m financing for luxury hotel's Rome debut,https://static.wixstatic.com/ugd/c782c9_41dc9370ca8c4557a9e09d73f8b8ff76.pdf,external,200,https://static.wixstatic.com/ugd/c782c9_41dc9370ca8c4557a9e09d73f8b8ff76.pdf,
https://three-stars.webflow.io/press-overview,Show More,?81898bdd_page=2,internal-ok,200,https://three-stars.webflow.io/press-overview?81898bdd_page=2,
https://three-stars.webflow.io/press-overview,Contact Us,/contact,internal-ok,200,https://three-stars.webflow.io/contact,
https://three-stars.webflow.io/press-overview,Home,/,internal-ok,200,https://three-stars.webflow.io/,
https://three-stars.webflow.io/press-overview,About,/about,internal-ok,200,https://three-stars.webflow.io/about,
https://three-stars.webflow.io/press-overview,Our Approach,/about#our-approach,internal-ok,200,https://three-stars.webflow.io/about,our-approach
https://three-stars.webflow.io/press-overview,Code of Ethics,https://cdn.prod.website-files.com/6a97103d40ea05346a443224/6a9b1f6c24661449181079e1_Codice%20Etico%20TSCP.pdf,external,200,https://cdn.prod.website-files.com/6a97103d40ea05346a443224/6a9b1f6c24661449181079e1_Codice%20Etico%20TSCP.pdf,
https://three-stars.webflow.io/press-overview,Services,/services-overview,internal-ok,200,https://three-stars.webflow.io/services-overview,
https://three-stars.webflow.io/press-overview,Track Record,/credentials,internal-ok,200,https://three-stars.webflow.io/credentials,
https://three-stars.webflow.io/press-overview,Sectors,/credentials#sectors,internal-ok,200,https://three-stars.webflow.io/credentials,sectors
https://three-stars.webflow.io/press-overview,Milan Office,/contact#milan-office,internal-ok,200,https://three-stars.webflow.io/contact,milan-office
https://three-stars.webflow.io/press-overview,New York Office,/contact#new-york-office,internal-ok,200,https://three-stars.webflow.io/contact,new-york-office
https://three-stars.webflow.io/press-overview,Press Enquiries,/contact#contact-form,internal-ok,200,https://three-stars.webflow.io/contact,contact-form
https://three-stars.webflow.io/press-overview,Privacy Policy,/privacy-policy,internal-ok,200,https://three-stars.webflow.io/privacy-policy,
https://three-stars.webflow.io/press-overview,Cookie Policy,/cookie-policy,internal-ok,200,https://three-stars.webflow.io/cookie-policy,
https://three-stars.webflow.io/press-overview,Terms of Use,/terms,internal-ok,200,https://three-stars.webflow.io/terms,
https://three-stars.webflow.io/press-overview,Disclaimer Notice,/disclaimer,internal-ok,200,https://three-stars.webflow.io/disclaimer,
https://three-stars.webflow.io/press-overview,LinkedIn,https://www.linkedin.com/company/three-stars-capital-partners/,external,200,https://www.linkedin.com/company/three-stars-capital-partners/,
https://three-stars.webflow.io/press-overview,Site: Brand Vision,https://www.brandvm.com/,external,200,https://www.brandvm.com/,
https://three-stars.webflow.io/privacy-policy,info@threestarscp.com,mailto:info@threestarscp.com,email,,,
https://three-stars.webflow.io/privacy-policy,+39 02 3670 5320,tel:+390236705320,phone,,,
https://three-stars.webflow.io/privacy-policy,Home,/,internal-ok,200,https://three-stars.webflow.io/,
https://three-stars.webflow.io/privacy-policy,Our Story,/about#our-story,internal-ok,200,https://three-stars.webflow.io/about,our-story
https://three-stars.webflow.io/privacy-policy,Our Approach,/about#our-approach,internal-ok,200,https://three-stars.webflow.io/about,our-approach
https://three-stars.webflow.io/privacy-policy,Leadership Team,/about#leadership-team,internal-ok,200,https://three-stars.webflow.io/about,leadership-team
https://three-stars.webflow.io/privacy-policy,Real Estate Debt Arranging,/services-overview#real-estate-debt-arranging,internal-ok,200,https://three-stars.webflow.io/services-overview,real-estate-debt-arranging
https://three-stars.webflow.io/privacy-policy,Equity Raising & Liquidity Sourcing,/services-overview#equity-raising-liquidity-sourcing,internal-ok,200,https://three-stars.webflow.io/services-overview,equity-raising-liquidity-sourcing
https://three-stars.webflow.io/privacy-policy,Debt Restructuring & Workout,/services-overview#debt-restructuring-workout,internal-ok,200,https://three-stars.webflow.io/services-overview,debt-restructuring-workout
https://three-stars.webflow.io/privacy-policy,Structured Debt Advisory,/services-overview#structured-debt-advisory,internal-ok,200,https://three-stars.webflow.io/services-overview,structured-debt-advisory
https://three-stars.webflow.io/privacy-policy,Mezzanine Debt Arranging,/services-overview#mezzanine-debt-arranging,internal-ok,200,https://three-stars.webflow.io/services-overview,mezzanine-debt-arranging
https://three-stars.webflow.io/privacy-policy,Real Estate Agency,/services-overview#real-estate-agency,internal-ok,200,https://three-stars.webflow.io/services-overview,real-estate-agency
https://three-stars.webflow.io/privacy-policy,Credentials,/credentials,internal-ok,200,https://three-stars.webflow.io/credentials,
https://three-stars.webflow.io/privacy-policy,Coverage and commentary,/press-overview#coverage-and-commentary,internal-ok,200,https://three-stars.webflow.io/press-overview,coverage-and-commentary
https://three-stars.webflow.io/privacy-policy,REACT NEWS Apollo provides €105m financing for luxury hotel's Rome debut JUNE 2022,/press-overview#coverage-and-commentary,internal-ok,200,https://three-stars.webflow.io/press-overview,coverage-and-commentary
https://three-stars.webflow.io/privacy-policy,PEI — REAL ESTATE CAPITAL Inside the €330m refinancing of an Italian icon JANUARY 2022,/press-overview#coverage-and-commentary,internal-ok,200,https://three-stars.webflow.io/press-overview,coverage-and-commentary
https://three-stars.webflow.io/privacy-policy,Contact,/contact,internal-ok,200,https://three-stars.webflow.io/contact,
https://three-stars.webflow.io/privacy-policy,info@threestarscp.com,mailto:info@threestarscp.com,email,,,
https://three-stars.webflow.io/privacy-policy,www.youronlinechoices.com,https://www.youronlinechoices.com,external,200,https://www.youronlinechoices.com,
https://three-stars.webflow.io/privacy-policy,http://www.google.com/policies/privacy/ads/,http://www.google.com/policies/privacy/ads/,external,200,http://www.google.com/policies/privacy/ads/,
https://three-stars.webflow.io/privacy-policy,info@threestarscp.com,mailto:info@threestarscp.com,email,,,
https://three-stars.webflow.io/privacy-policy,info@threestarscp.com,mailto:info@threestarscp.com,email,,,
https://three-stars.webflow.io/privacy-policy,Contact Us,/contact,internal-ok,200,https://three-stars.webflow.io/contact,
https://three-stars.webflow.io/privacy-policy,Home,/,internal-ok,200,https://three-stars.webflow.io/,
https://three-stars.webflow.io/privacy-policy,About,/about,internal-ok,200,https://three-stars.webflow.io/about,
https://three-stars.webflow.io/privacy-policy,Our Approach,/about#our-approach,internal-ok,200,https://three-stars.webflow.io/about,our-approach
https://three-stars.webflow.io/privacy-policy,Code of Ethics,https://cdn.prod.website-files.com/6a97103d40ea05346a443224/6a9b1f6c24661449181079e1_Codice%20Etico%20TSCP.pdf,external,200,https://cdn.prod.website-files.com/6a97103d40ea05346a443224/6a9b1f6c24661449181079e1_Codice%20Etico%20TSCP.pdf,
https://three-stars.webflow.io/privacy-policy,Services,/services-overview,internal-ok,200,https://three-stars.webflow.io/services-overview,
https://three-stars.webflow.io/privacy-policy,Track Record,/credentials,internal-ok,200,https://three-stars.webflow.io/credentials,
https://three-stars.webflow.io/privacy-policy,Sectors,/credentials#sectors,internal-ok,200,https://three-stars.webflow.io/credentials,sectors
https://three-stars.webflow.io/privacy-policy,Milan Office,/contact#milan-office,internal-ok,200,https://three-stars.webflow.io/contact,milan-office
https://three-stars.webflow.io/privacy-policy,New York Office,/contact#new-york-office,internal-ok,200,https://three-stars.webflow.io/contact,new-york-office
https://three-stars.webflow.io/privacy-policy,Press Enquiries,/contact#contact-form,internal-ok,200,https://three-stars.webflow.io/contact,contact-form
https://three-stars.webflow.io/privacy-policy,Privacy Policy,/privacy-policy,internal-ok,200,https://three-stars.webflow.io/privacy-policy,
https://three-stars.webflow.io/privacy-policy,Cookie Policy,/cookie-policy,internal-ok,200,https://three-stars.webflow.io/cookie-policy,
https://three-stars.webflow.io/privacy-policy,Terms of Use,/terms,internal-ok,200,https://three-stars.webflow.io/terms,
https://three-stars.webflow.io/privacy-policy,Disclaimer Notice,/disclaimer,internal-ok,200,https://three-stars.webflow.io/disclaimer,
https://three-stars.webflow.io/privacy-policy,LinkedIn,https://www.linkedin.com/company/three-stars-capital-partners/,external,200,https://www.linkedin.com/company/three-stars-capital-partners/,
https://three-stars.webflow.io/privacy-policy,Site: Brand Vision,https://www.brandvm.com/,external,200,https://www.brandvm.com/,
https://three-stars.webflow.io/services-overview,info@threestarscp.com,mailto:info@threestarscp.com,email,,,
https://three-stars.webflow.io/services-overview,+39 02 3670 5320,tel:+390236705320,phone,,,
https://three-stars.webflow.io/services-overview,Home,/,internal-ok,200,https://three-stars.webflow.io/,
https://three-stars.webflow.io/services-overview,Our Story,/about#our-story,internal-ok,200,https://three-stars.webflow.io/about,our-story
https://three-stars.webflow.io/services-overview,Our Approach,/about#our-approach,internal-ok,200,https://three-stars.webflow.io/about,our-approach
https://three-stars.webflow.io/services-overview,Leadership Team,/about#leadership-team,internal-ok,200,https://three-stars.webflow.io/about,leadership-team
https://three-stars.webflow.io/services-overview,Real Estate Debt Arranging,/services-overview#real-estate-debt-arranging,internal-ok,200,https://three-stars.webflow.io/services-overview,real-estate-debt-arranging
https://three-stars.webflow.io/services-overview,Equity Raising & Liquidity Sourcing,/services-overview#equity-raising-liquidity-sourcing,internal-ok,200,https://three-stars.webflow.io/services-overview,equity-raising-liquidity-sourcing
https://three-stars.webflow.io/services-overview,Debt Restructuring & Workout,/services-overview#debt-restructuring-workout,internal-ok,200,https://three-stars.webflow.io/services-overview,debt-restructuring-workout
https://three-stars.webflow.io/services-overview,Structured Debt Advisory,/services-overview#structured-debt-advisory,internal-ok,200,https://three-stars.webflow.io/services-overview,structured-debt-advisory
https://three-stars.webflow.io/services-overview,Mezzanine Debt Arranging,/services-overview#mezzanine-debt-arranging,internal-ok,200,https://three-stars.webflow.io/services-overview,mezzanine-debt-arranging
https://three-stars.webflow.io/services-overview,Real Estate Agency,/services-overview#real-estate-agency,internal-ok,200,https://three-stars.webflow.io/services-overview,real-estate-agency
https://three-stars.webflow.io/services-overview,Credentials,/credentials,internal-ok,200,https://three-stars.webflow.io/credentials,
https://three-stars.webflow.io/services-overview,Coverage and commentary,/press-overview#coverage-and-commentary,internal-ok,200,https://three-stars.webflow.io/press-overview,coverage-and-commentary
https://three-stars.webflow.io/services-overview,REACT NEWS Apollo provides €105m financing for luxury hotel's Rome debut JUNE 2022,/press-overview#coverage-and-commentary,internal-ok,200,https://three-stars.webflow.io/press-overview,coverage-and-commentary
https://three-stars.webflow.io/services-overview,PEI — REAL ESTATE CAPITAL Inside the €330m refinancing of an Italian icon JANUARY 2022,/press-overview#coverage-and-commentary,internal-ok,200,https://three-stars.webflow.io/press-overview,coverage-and-commentary
https://three-stars.webflow.io/services-overview,Contact,/contact,internal-ok,200,https://three-stars.webflow.io/contact,
https://three-stars.webflow.io/services-overview,Contact Us,/contact,internal-ok,200,https://three-stars.webflow.io/contact,
https://three-stars.webflow.io/services-overview,Our Track Record,/credentials,internal-ok,200,https://three-stars.webflow.io/credentials,
https://three-stars.webflow.io/services-overview,See related credentials,/credentials,internal-ok,200,https://three-stars.webflow.io/credentials,
https://three-stars.webflow.io/services-overview,See related credentials,/credentials,internal-ok,200,https://three-stars.webflow.io/credentials,
https://three-stars.webflow.io/services-overview,See related credentials,/credentials,internal-ok,200,https://three-stars.webflow.io/credentials,
https://three-stars.webflow.io/services-overview,See related credentials,/credentials,internal-ok,200,https://three-stars.webflow.io/credentials,
https://three-stars.webflow.io/services-overview,See related credentials,/credentials,internal-ok,200,https://three-stars.webflow.io/credentials,
https://three-stars.webflow.io/services-overview,See related credentials,/credentials,internal-ok,200,https://three-stars.webflow.io/credentials,
https://three-stars.webflow.io/services-overview,Contact Us,/contact,internal-ok,200,https://three-stars.webflow.io/contact,
https://three-stars.webflow.io/services-overview,Contact Us,/contact,internal-ok,200,https://three-stars.webflow.io/contact,
https://three-stars.webflow.io/services-overview,Home,/,internal-ok,200,https://three-stars.webflow.io/,
https://three-stars.webflow.io/services-overview,About,/about,internal-ok,200,https://three-stars.webflow.io/about,
https://three-stars.webflow.io/services-overview,Our Approach,/about#our-approach,internal-ok,200,https://three-stars.webflow.io/about,our-approach
https://three-stars.webflow.io/services-overview,Code of Ethics,https://cdn.prod.website-files.com/6a97103d40ea05346a443224/6a9b1f6c24661449181079e1_Codice%20Etico%20TSCP.pdf,external,200,https://cdn.prod.website-files.com/6a97103d40ea05346a443224/6a9b1f6c24661449181079e1_Codice%20Etico%20TSCP.pdf,
https://three-stars.webflow.io/services-overview,Services,/services-overview,internal-ok,200,https://three-stars.webflow.io/services-overview,
https://three-stars.webflow.io/services-overview,Track Record,/credentials,internal-ok,200,https://three-stars.webflow.io/credentials,
https://three-stars.webflow.io/services-overview,Sectors,/credentials#sectors,internal-ok,200,https://three-stars.webflow.io/credentials,sectors
https://three-stars.webflow.io/services-overview,Milan Office,/contact#milan-office,internal-ok,200,https://three-stars.webflow.io/contact,milan-office
https://three-stars.webflow.io/services-overview,New York Office,/contact#new-york-office,internal-ok,200,https://three-stars.webflow.io/contact,new-york-office
https://three-stars.webflow.io/services-overview,Press Enquiries,/contact#contact-form,internal-ok,200,https://three-stars.webflow.io/contact,contact-form
https://three-stars.webflow.io/services-overview,Privacy Policy,/privacy-policy,internal-ok,200,https://three-stars.webflow.io/privacy-policy,
https://three-stars.webflow.io/services-overview,Cookie Policy,/cookie-policy,internal-ok,200,https://three-stars.webflow.io/cookie-policy,
https://three-stars.webflow.io/services-overview,Terms of Use,/terms,internal-ok,200,https://three-stars.webflow.io/terms,
https://three-stars.webflow.io/services-overview,Disclaimer Notice,/disclaimer,internal-ok,200,https://three-stars.webflow.io/disclaimer,
https://three-stars.webflow.io/services-overview,LinkedIn,https://www.linkedin.com/company/three-stars-capital-partners/,external,200,https://www.linkedin.com/company/three-stars-capital-partners/,
https://three-stars.webflow.io/services-overview,Site: Brand Vision,https://www.brandvm.com/,external,200,https://www.brandvm.com/,
https://three-stars.webflow.io/terms,info@threestarscp.com,mailto:info@threestarscp.com,email,,,
https://three-stars.webflow.io/terms,+39 02 3670 5320,tel:+390236705320,phone,,,
https://three-stars.webflow.io/terms,Home,/,internal-ok,200,https://three-stars.webflow.io/,
https://three-stars.webflow.io/terms,Our Story,/about#our-story,internal-ok,200,https://three-stars.webflow.io/about,our-story
https://three-stars.webflow.io/terms,Our Approach,/about#our-approach,internal-ok,200,https://three-stars.webflow.io/about,our-approach
https://three-stars.webflow.io/terms,Leadership Team,/about#leadership-team,internal-ok,200,https://three-stars.webflow.io/about,leadership-team
https://three-stars.webflow.io/terms,Real Estate Debt Arranging,/services-overview#real-estate-debt-arranging,internal-ok,200,https://three-stars.webflow.io/services-overview,real-estate-debt-arranging
https://three-stars.webflow.io/terms,Equity Raising & Liquidity Sourcing,/services-overview#equity-raising-liquidity-sourcing,internal-ok,200,https://three-stars.webflow.io/services-overview,equity-raising-liquidity-sourcing
https://three-stars.webflow.io/terms,Debt Restructuring & Workout,/services-overview#debt-restructuring-workout,internal-ok,200,https://three-stars.webflow.io/services-overview,debt-restructuring-workout
https://three-stars.webflow.io/terms,Structured Debt Advisory,/services-overview#structured-debt-advisory,internal-ok,200,https://three-stars.webflow.io/services-overview,structured-debt-advisory
https://three-stars.webflow.io/terms,Mezzanine Debt Arranging,/services-overview#mezzanine-debt-arranging,internal-ok,200,https://three-stars.webflow.io/services-overview,mezzanine-debt-arranging
https://three-stars.webflow.io/terms,Real Estate Agency,/services-overview#real-estate-agency,internal-ok,200,https://three-stars.webflow.io/services-overview,real-estate-agency
https://three-stars.webflow.io/terms,Credentials,/credentials,internal-ok,200,https://three-stars.webflow.io/credentials,
https://three-stars.webflow.io/terms,Coverage and commentary,/press-overview#coverage-and-commentary,internal-ok,200,https://three-stars.webflow.io/press-overview,coverage-and-commentary
https://three-stars.webflow.io/terms,REACT NEWS Apollo provides €105m financing for luxury hotel's Rome debut JUNE 2022,/press-overview#coverage-and-commentary,internal-ok,200,https://three-stars.webflow.io/press-overview,coverage-and-commentary
https://three-stars.webflow.io/terms,PEI — REAL ESTATE CAPITAL Inside the €330m refinancing of an Italian icon JANUARY 2022,/press-overview#coverage-and-commentary,internal-ok,200,https://three-stars.webflow.io/press-overview,coverage-and-commentary
https://three-stars.webflow.io/terms,Contact,/contact,internal-ok,200,https://three-stars.webflow.io/contact,
https://three-stars.webflow.io/terms,Privacy Policy,/privacy-policy,internal-ok,200,https://three-stars.webflow.io/privacy-policy,
https://three-stars.webflow.io/terms,Cookie Policy,/cookie-policy,internal-ok,200,https://three-stars.webflow.io/cookie-policy,
https://three-stars.webflow.io/terms,Disclaimer Notice,/disclaimer,internal-ok,200,https://three-stars.webflow.io/disclaimer,
https://three-stars.webflow.io/terms,info@threestarscp.com,mailto:info@threestarscp.com,email,,,
https://three-stars.webflow.io/terms,Contact Us,/contact,internal-ok,200,https://three-stars.webflow.io/contact,
https://three-stars.webflow.io/terms,Home,/,internal-ok,200,https://three-stars.webflow.io/,
https://three-stars.webflow.io/terms,About,/about,internal-ok,200,https://three-stars.webflow.io/about,
https://three-stars.webflow.io/terms,Our Approach,/about#our-approach,internal-ok,200,https://three-stars.webflow.io/about,our-approach
https://three-stars.webflow.io/terms,Code of Ethics,https://cdn.prod.website-files.com/6a97103d40ea05346a443224/6a9b1f6c24661449181079e1_Codice%20Etico%20TSCP.pdf,external,200,https://cdn.prod.website-files.com/6a97103d40ea05346a443224/6a9b1f6c24661449181079e1_Codice%20Etico%20TSCP.pdf,
https://three-stars.webflow.io/terms,Services,/services-overview,internal-ok,200,https://three-stars.webflow.io/services-overview,
https://three-stars.webflow.io/terms,Track Record,/credentials,internal-ok,200,https://three-stars.webflow.io/credentials,
https://three-stars.webflow.io/terms,Sectors,/credentials#sectors,internal-ok,200,https://three-stars.webflow.io/credentials,sectors
https://three-stars.webflow.io/terms,Milan Office,/contact#milan-office,internal-ok,200,https://three-stars.webflow.io/contact,milan-office
https://three-stars.webflow.io/terms,New York Office,/contact#new-york-office,internal-ok,200,https://three-stars.webflow.io/contact,new-york-office
https://three-stars.webflow.io/terms,Press Enquiries,/contact#contact-form,internal-ok,200,https://three-stars.webflow.io/contact,contact-form
https://three-stars.webflow.io/terms,Privacy Policy,/privacy-policy,internal-ok,200,https://three-stars.webflow.io/privacy-policy,
https://three-stars.webflow.io/terms,Cookie Policy,/cookie-policy,internal-ok,200,https://three-stars.webflow.io/cookie-policy,
https://three-stars.webflow.io/terms,Terms of Use,/terms,internal-ok,200,https://three-stars.webflow.io/terms,
https://three-stars.webflow.io/terms,Disclaimer Notice,/disclaimer,internal-ok,200,https://three-stars.webflow.io/disclaimer,
https://three-stars.webflow.io/terms,LinkedIn,https://www.linkedin.com/company/three-stars-capital-partners/,external,200,https://www.linkedin.com/company/three-stars-capital-partners/,
https://three-stars.webflow.io/terms,Site: Brand Vision,https://www.brandvm.com/,external,200,https://www.brandvm.com/,
https://three-stars.webflow.io/press-overview?81898bdd_page=2,info@threestarscp.com,mailto:info@threestarscp.com,email,,,
https://three-stars.webflow.io/press-overview?81898bdd_page=2,+39 02 3670 5320,tel:+390236705320,phone,,,
https://three-stars.webflow.io/press-overview?81898bdd_page=2,Home,/,internal-ok,200,https://three-stars.webflow.io/,
https://three-stars.webflow.io/press-overview?81898bdd_page=2,Our Story,/about#our-story,internal-ok,200,https://three-stars.webflow.io/about,our-story
https://three-stars.webflow.io/press-overview?81898bdd_page=2,Our Approach,/about#our-approach,internal-ok,200,https://three-stars.webflow.io/about,our-approach
https://three-stars.webflow.io/press-overview?81898bdd_page=2,Leadership Team,/about#leadership-team,internal-ok,200,https://three-stars.webflow.io/about,leadership-team
https://three-stars.webflow.io/press-overview?81898bdd_page=2,Real Estate Debt Arranging,/services-overview#real-estate-debt-arranging,internal-ok,200,https://three-stars.webflow.io/services-overview,real-estate-debt-arranging
https://three-stars.webflow.io/press-overview?81898bdd_page=2,Equity Raising & Liquidity Sourcing,/services-overview#equity-raising-liquidity-sourcing,internal-ok,200,https://three-stars.webflow.io/services-overview,equity-raising-liquidity-sourcing
https://three-stars.webflow.io/press-overview?81898bdd_page=2,Debt Restructuring & Workout,/services-overview#debt-restructuring-workout,internal-ok,200,https://three-stars.webflow.io/services-overview,debt-restructuring-workout
https://three-stars.webflow.io/press-overview?81898bdd_page=2,Structured Debt Advisory,/services-overview#structured-debt-advisory,internal-ok,200,https://three-stars.webflow.io/services-overview,structured-debt-advisory
https://three-stars.webflow.io/press-overview?81898bdd_page=2,Mezzanine Debt Arranging,/services-overview#mezzanine-debt-arranging,internal-ok,200,https://three-stars.webflow.io/services-overview,mezzanine-debt-arranging
https://three-stars.webflow.io/press-overview?81898bdd_page=2,Real Estate Agency,/services-overview#real-estate-agency,internal-ok,200,https://three-stars.webflow.io/services-overview,real-estate-agency
https://three-stars.webflow.io/press-overview?81898bdd_page=2,Credentials,/credentials,internal-ok,200,https://three-stars.webflow.io/credentials,
https://three-stars.webflow.io/press-overview?81898bdd_page=2,Coverage and commentary,/press-overview#coverage-and-commentary,internal-ok,200,https://three-stars.webflow.io/press-overview,coverage-and-commentary
https://three-stars.webflow.io/press-overview?81898bdd_page=2,REACT NEWS Apollo provides €105m financing for luxury hotel's Rome debut JUNE 2022,/press-overview#coverage-and-commentary,internal-ok,200,https://three-stars.webflow.io/press-overview,coverage-and-commentary
https://three-stars.webflow.io/press-overview?81898bdd_page=2,PEI — REAL ESTATE CAPITAL Inside the €330m refinancing of an Italian icon JANUARY 2022,/press-overview#coverage-and-commentary,internal-ok,200,https://three-stars.webflow.io/press-overview,coverage-and-commentary
https://three-stars.webflow.io/press-overview?81898bdd_page=2,Contact,/contact,internal-ok,200,https://three-stars.webflow.io/contact,
https://three-stars.webflow.io/press-overview?81898bdd_page=2,Contact Us,/contact,internal-ok,200,https://three-stars.webflow.io/contact,
https://three-stars.webflow.io/press-overview?81898bdd_page=2,Track Record,/credentials,internal-ok,200,https://three-stars.webflow.io/credentials,
https://three-stars.webflow.io/press-overview?81898bdd_page=2,Inside the €330m refinancing of an Italian icon,https://static.wixstatic.com/ugd/c782c9_1bc4a233b0cc4fd0b7f2ac2e388ec8a7.pdf,external,200,https://static.wixstatic.com/ugd/c782c9_1bc4a233b0cc4fd0b7f2ac2e388ec8a7.pdf,
https://three-stars.webflow.io/press-overview?81898bdd_page=2,The return of Italy's debt play,https://static.wixstatic.com/ugd/c782c9_9db82d8f79184fd7ac80ab5795d39bd6.pdf,external,200,https://static.wixstatic.com/ugd/c782c9_9db82d8f79184fd7ac80ab5795d39bd6.pdf,
https://three-stars.webflow.io/press-overview?81898bdd_page=2,Rome Edition Hotel Financing,https://static.wixstatic.com/ugd/c782c9_e6938150789a4721a5c0c9113864e6f6.pdf,external,200,https://static.wixstatic.com/ugd/c782c9_e6938150789a4721a5c0c9113864e6f6.pdf,
https://three-stars.webflow.io/press-overview?81898bdd_page=2,Previous,?81898bdd_page=1,internal-ok,200,https://three-stars.webflow.io/press-overview?81898bdd_page=1,
https://three-stars.webflow.io/press-overview?81898bdd_page=2,Contact Us,/contact,internal-ok,200,https://three-stars.webflow.io/contact,
https://three-stars.webflow.io/press-overview?81898bdd_page=2,Home,/,internal-ok,200,https://three-stars.webflow.io/,
https://three-stars.webflow.io/press-overview?81898bdd_page=2,About,/about,internal-ok,200,https://three-stars.webflow.io/about,
https://three-stars.webflow.io/press-overview?81898bdd_page=2,Our Approach,/about#our-approach,internal-ok,200,https://three-stars.webflow.io/about,our-approach
https://three-stars.webflow.io/press-overview?81898bdd_page=2,Code of Ethics,https://cdn.prod.website-files.com/6a97103d40ea05346a443224/6a9b1f6c24661449181079e1_Codice%20Etico%20TSCP.pdf,external,200,https://cdn.prod.website-files.com/6a97103d40ea05346a443224/6a9b1f6c24661449181079e1_Codice%20Etico%20TSCP.pdf,
https://three-stars.webflow.io/press-overview?81898bdd_page=2,Services,/services-overview,internal-ok,200,https://three-stars.webflow.io/services-overview,
https://three-stars.webflow.io/press-overview?81898bdd_page=2,Track Record,/credentials,internal-ok,200,https://three-stars.webflow.io/credentials,
https://three-stars.webflow.io/press-overview?81898bdd_page=2,Sectors,/credentials#sectors,internal-ok,200,https://three-stars.webflow.io/credentials,sectors
https://three-stars.webflow.io/press-overview?81898bdd_page=2,Milan Office,/contact#milan-office,internal-ok,200,https://three-stars.webflow.io/contact,milan-office
https://three-stars.webflow.io/press-overview?81898bdd_page=2,New York Office,/contact#new-york-office,internal-ok,200,https://three-stars.webflow.io/contact,new-york-office
https://three-stars.webflow.io/press-overview?81898bdd_page=2,Press Enquiries,/contact#contact-form,internal-ok,200,https://three-stars.webflow.io/contact,contact-form
https://three-stars.webflow.io/press-overview?81898bdd_page=2,Privacy Policy,/privacy-policy,internal-ok,200,https://three-stars.webflow.io/privacy-policy,
https://three-stars.webflow.io/press-overview?81898bdd_page=2,Cookie Policy,/cookie-policy,internal-ok,200,https://three-stars.webflow.io/cookie-policy,
https://three-stars.webflow.io/press-overview?81898bdd_page=2,Terms of Use,/terms,internal-ok,200,https://three-stars.webflow.io/terms,
https://three-stars.webflow.io/press-overview?81898bdd_page=2,Disclaimer Notice,/disclaimer,internal-ok,200,https://three-stars.webflow.io/disclaimer,
https://three-stars.webflow.io/press-overview?81898bdd_page=2,LinkedIn,https://www.linkedin.com/company/three-stars-capital-partners/,external,200,https://www.linkedin.com/company/three-stars-capital-partners/,
https://three-stars.webflow.io/press-overview?81898bdd_page=2,Site: Brand Vision,https://www.brandvm.com/,external,200,https://www.brandvm.com/,
https://three-stars.webflow.io/press-overview?81898bdd_page=1,info@threestarscp.com,mailto:info@threestarscp.com,email,,,
https://three-stars.webflow.io/press-overview?81898bdd_page=1,+39 02 3670 5320,tel:+390236705320,phone,,,
https://three-stars.webflow.io/press-overview?81898bdd_page=1,Home,/,internal-ok,200,https://three-stars.webflow.io/,
https://three-stars.webflow.io/press-overview?81898bdd_page=1,Our Story,/about#our-story,internal-ok,200,https://three-stars.webflow.io/about,our-story
https://three-stars.webflow.io/press-overview?81898bdd_page=1,Our Approach,/about#our-approach,internal-ok,200,https://three-stars.webflow.io/about,our-approach
https://three-stars.webflow.io/press-overview?81898bdd_page=1,Leadership Team,/about#leadership-team,internal-ok,200,https://three-stars.webflow.io/about,leadership-team
https://three-stars.webflow.io/press-overview?81898bdd_page=1,Real Estate Debt Arranging,/services-overview#real-estate-debt-arranging,internal-ok,200,https://three-stars.webflow.io/services-overview,real-estate-debt-arranging
https://three-stars.webflow.io/press-overview?81898bdd_page=1,Equity Raising & Liquidity Sourcing,/services-overview#equity-raising-liquidity-sourcing,internal-ok,200,https://three-stars.webflow.io/services-overview,equity-raising-liquidity-sourcing
https://three-stars.webflow.io/press-overview?81898bdd_page=1,Debt Restructuring & Workout,/services-overview#debt-restructuring-workout,internal-ok,200,https://three-stars.webflow.io/services-overview,debt-restructuring-workout
https://three-stars.webflow.io/press-overview?81898bdd_page=1,Structured Debt Advisory,/services-overview#structured-debt-advisory,internal-ok,200,https://three-stars.webflow.io/services-overview,structured-debt-advisory
https://three-stars.webflow.io/press-overview?81898bdd_page=1,Mezzanine Debt Arranging,/services-overview#mezzanine-debt-arranging,internal-ok,200,https://three-stars.webflow.io/services-overview,mezzanine-debt-arranging
https://three-stars.webflow.io/press-overview?81898bdd_page=1,Real Estate Agency,/services-overview#real-estate-agency,internal-ok,200,https://three-stars.webflow.io/services-overview,real-estate-agency
https://three-stars.webflow.io/press-overview?81898bdd_page=1,Credentials,/credentials,internal-ok,200,https://three-stars.webflow.io/credentials,
https://three-stars.webflow.io/press-overview?81898bdd_page=1,Coverage and commentary,/press-overview#coverage-and-commentary,internal-ok,200,https://three-stars.webflow.io/press-overview,coverage-and-commentary
https://three-stars.webflow.io/press-overview?81898bdd_page=1,REACT NEWS Apollo provides €105m financing for luxury hotel's Rome debut JUNE 2022,/press-overview#coverage-and-commentary,internal-ok,200,https://three-stars.webflow.io/press-overview,coverage-and-commentary
https://three-stars.webflow.io/press-overview?81898bdd_page=1,PEI — REAL ESTATE CAPITAL Inside the €330m refinancing of an Italian icon JANUARY 2022,/press-overview#coverage-and-commentary,internal-ok,200,https://three-stars.webflow.io/press-overview,coverage-and-commentary
https://three-stars.webflow.io/press-overview?81898bdd_page=1,Contact,/contact,internal-ok,200,https://three-stars.webflow.io/contact,
https://three-stars.webflow.io/press-overview?81898bdd_page=1,Contact Us,/contact,internal-ok,200,https://three-stars.webflow.io/contact,
https://three-stars.webflow.io/press-overview?81898bdd_page=1,Track Record,/credentials,internal-ok,200,https://three-stars.webflow.io/credentials,
https://three-stars.webflow.io/press-overview?81898bdd_page=1,Apollo provides €105m financing for luxury hotel's Rome debut,https://static.wixstatic.com/ugd/c782c9_41dc9370ca8c4557a9e09d73f8b8ff76.pdf,external,200,https://static.wixstatic.com/ugd/c782c9_41dc9370ca8c4557a9e09d73f8b8ff76.pdf,
https://three-stars.webflow.io/press-overview?81898bdd_page=1,Inside the €330m refinancing of an Italian icon,https://static.wixstatic.com/ugd/c782c9_1bc4a233b0cc4fd0b7f2ac2e388ec8a7.pdf,external,200,https://static.wixstatic.com/ugd/c782c9_1bc4a233b0cc4fd0b7f2ac2e388ec8a7.pdf,
https://three-stars.webflow.io/press-overview?81898bdd_page=1,The return of Italy's debt play,https://static.wixstatic.com/ugd/c782c9_9db82d8f79184fd7ac80ab5795d39bd6.pdf,external,200,https://static.wixstatic.com/ugd/c782c9_9db82d8f79184fd7ac80ab5795d39bd6.pdf,
https://three-stars.webflow.io/press-overview?81898bdd_page=1,Apollo provides €105m financing for luxury hotel's Rome debut,https://static.wixstatic.com/ugd/c782c9_41dc9370ca8c4557a9e09d73f8b8ff76.pdf,external,200,https://static.wixstatic.com/ugd/c782c9_41dc9370ca8c4557a9e09d73f8b8ff76.pdf,
https://three-stars.webflow.io/press-overview?81898bdd_page=1,Show More,?81898bdd_page=2,internal-ok,200,https://three-stars.webflow.io/press-overview?81898bdd_page=2,
https://three-stars.webflow.io/press-overview?81898bdd_page=1,Contact Us,/contact,internal-ok,200,https://three-stars.webflow.io/contact,
https://three-stars.webflow.io/press-overview?81898bdd_page=1,Home,/,internal-ok,200,https://three-stars.webflow.io/,
https://three-stars.webflow.io/press-overview?81898bdd_page=1,About,/about,internal-ok,200,https://three-stars.webflow.io/about,
https://three-stars.webflow.io/press-overview?81898bdd_page=1,Our Approach,/about#our-approach,internal-ok,200,https://three-stars.webflow.io/about,our-approach
https://three-stars.webflow.io/press-overview?81898bdd_page=1,Code of Ethics,https://cdn.prod.website-files.com/6a97103d40ea05346a443224/6a9b1f6c24661449181079e1_Codice%20Etico%20TSCP.pdf,external,200,https://cdn.prod.website-files.com/6a97103d40ea05346a443224/6a9b1f6c24661449181079e1_Codice%20Etico%20TSCP.pdf,
https://three-stars.webflow.io/press-overview?81898bdd_page=1,Services,/services-overview,internal-ok,200,https://three-stars.webflow.io/services-overview,
https://three-stars.webflow.io/press-overview?81898bdd_page=1,Track Record,/credentials,internal-ok,200,https://three-stars.webflow.io/credentials,
https://three-stars.webflow.io/press-overview?81898bdd_page=1,Sectors,/credentials#sectors,internal-ok,200,https://three-stars.webflow.io/credentials,sectors
https://three-stars.webflow.io/press-overview?81898bdd_page=1,Milan Office,/contact#milan-office,internal-ok,200,https://three-stars.webflow.io/contact,milan-office
https://three-stars.webflow.io/press-overview?81898bdd_page=1,New York Office,/contact#new-york-office,internal-ok,200,https://three-stars.webflow.io/contact,new-york-office
https://three-stars.webflow.io/press-overview?81898bdd_page=1,Press Enquiries,/contact#contact-form,internal-ok,200,https://three-stars.webflow.io/contact,contact-form
https://three-stars.webflow.io/press-overview?81898bdd_page=1,Privacy Policy,/privacy-policy,internal-ok,200,https://three-stars.webflow.io/privacy-policy,
https://three-stars.webflow.io/press-overview?81898bdd_page=1,Cookie Policy,/cookie-policy,internal-ok,200,https://three-stars.webflow.io/cookie-policy,
https://three-stars.webflow.io/press-overview?81898bdd_page=1,Terms of Use,/terms,internal-ok,200,https://three-stars.webflow.io/terms,
https://three-stars.webflow.io/press-overview?81898bdd_page=1,Disclaimer Notice,/disclaimer,internal-ok,200,https://three-stars.webflow.io/disclaimer,
https://three-stars.webflow.io/press-overview?81898bdd_page=1,LinkedIn,https://www.linkedin.com/company/three-stars-capital-partners/,external,200,https://www.linkedin.com/company/three-stars-capital-partners/,
https://three-stars.webflow.io/press-overview?81898bdd_page=1,Site: Brand Vision,https://www.brandvm.com/,external,200,https://www.brandvm.com/,
